name,price,type_of_meat,weight
Inaba Cat Dashi Delights kurczak i wiórki ryby bonito 70g,9.99,kurczak; ryba,70.0
Inaba Cat Dashi Delights kurczak i łosoś 70g,9.99,kurczak; łosoś,70.0
Inaba Cat Dashi Delights kurczak i ser 70g,9.99,kurczak,70.0
Inaba Cat Dashi Delights kurczak i przegrzebki 70g,9.99,kurczak,70.0
Inaba Cat Dashi Delights kurczak 70g,9.99,kurczak,70.0
"Inaba Cat Dashi Delights kurczak, tuńczyk i łosoś 70g",9.99,kurczak; łosoś; tuńczyk,70.0
Inaba Cat Dashi Delights kurczak i tuńczyk 70g,9.99,kurczak; tuńczyk,70.0
Naturo Sterilised Grain Free Paté Kurczak 85g,4.99,kurczak,85.0
Naturo Senior Grain Free Paté Kurczak 85g,4.99,kurczak,85.0
Naturo Grain Free Paté Indyk 85g,4.99,indyk,85.0
Naturo Grain Free Paté Tuńczyk 85g,4.99,tuńczyk,85.0
Naturo Grain Free Paté Kurczak 85g,4.99,kurczak,85.0
Naturo Kitten Grain Free Paté Kurczak 85g,4.99,kurczak,85.0
Felix Sensation Sauces Wiejskie Smaki 4x85g,12.49,Mix,340.0
Felix Fantastic Duo Ryba 4x85g,12.49,ryba,340.0
Oasy More Love tuńczyk z przegrzebkiem 70g,7.99,tuńczyk,70.0
Oasy More Love Tuńczyk z łososiem 70g,7.99,łosoś; tuńczyk,70.0
Oasy More Love Tuńczyk z krewetkami 70g,7.99,tuńczyk; krewetka,70.0
Oasy More Love Tuńczyk z solą 70g,7.99,tuńczyk,70.0
Oasy More Love Kurczak z serem 70g,7.99,kurczak,70.0
Oasy More Love Kurczak z kaczką 70g,7.99,kurczak; kaczka,70.0
Bozita Kitten kawałki w sosie z kurczakiem 85g,7.99,kurczak,85.0
Bozita Kitten kawałeczki w sosie z łososiem 85g,7.99,łosoś,85.0
Bozita kawałki w galaretce z reniferem 85g,7.99,renifer,85.0
BRIT PREMIUM POUCHES WHITE FISH KITTEN 100g,3.99,ryba,100.0
Brit Premium Sterilised wątróbka w sosie 100g,3.99,wątróbka,100.0
Brit Premium Sterilised jagnięcina w sosie 100g,3.99,jagnięcina,100.0
FELIX Fantastic Kurczak i Wołowina w galaretce 4X85G,12.49,kurczak; wołowina,340.0
FELIX Fantastic Junior Kurczak i Łosoś w galaretce 4X85G,12.49,kurczak; łosoś,340.0
FELIX Duo wiejskie smaki w galaretce 4X85G,12.49,Mix,340.0
FELIX Sensations Sauces Dorsz i Sardynki w sosie 4X85G,12.49,dorsz; sardynki,340.0
FELIX Fantastic Łosoś i Pstrąg z warzywami 4X85G,12.49,łosoś; pstrąg,340.0
FELIX Fantastic Jagnięcina i Królik 4X85G,12.49,jagnięcina; królik,340.0
FELIX Sensations Jellies wiejskie smaki w galaretce 4X85G,12.49,Mix,340.0
Gourmet Gold Savourt Cake z kurczakiem i marchewką 85g,4.99,kurczak,85.0
Gourmet Gold Savourt Cake z jagnięciną i fasolą 85g,4.99,jagnięcina,85.0
Gourmet Gold Casserole z wołowiną i kurczakiem 85g,4.99,kurczak; wołowina,85.0
Gourmet Gold Savoury Cake wołowina w pomidorach 85g,4.99,wołowina,85.0
Gourmet Gold Casserole z kaczką i indykiem w sosie 85g,4.99,indyk; kaczka,85.0
Gourmet Gold mus z indykiem 85g,4.99,indyk,85.0
Gourmet Gold pasztet z królikiem 85g,4.99,królik,85.0
Gourmet Gold mus z wołowiną 85g,4.99,wołowina,85.0
Gourmet Gold kurczak z wątróbką w sosie 85g,4.99,kurczak; wątróbka,85.0
Gourmet Gold mus z tuńczykiem 85g,4.99,tuńczyk,85.0
Gourmet Gold łosoś z kurczakiem w sosie 85g,4.99,kurczak; łosoś,85.0
Gourmet Gold mus z kurczakiem 85g,4.99,kurczak,85.0
Bozita kawałki z łososiem w galaretce 85g,7.99,łosoś,85.0
Bozita kawałki z okoniem w galaretce 85g,7.99,okoń,85.0
Bozita kawałki z wołowiną w galaretce 85g,7.99,wołowina,85.0
Bozita kawałki z łosiem w galaretce 85g,7.99,Mix,85.0
Bozita wątróbką z kurczaka w galaretce 85g,7.99,kurczak; wątróbka,85.0
Bozita kawałki w sosie ze śledziem 85g,7.99,Mix,85.0
Bozita kawałki w sosie z wołowiną 85g,7.99,wołowina,85.0
Bozita kawałki w sosie z reniferem 85g,7.99,renifer,85.0
Bozita kawałki w sosie z łososiem 85g,7.99,łosoś,85.0
Bozita kawałki w sosie z kurczakiem 85g,7.99,kurczak,85.0
Bozita kawałki w sosie z indykiem 85g,7.99,indyk,85.0
Vitakraft Poesie dziczyzna z żurawiną w galaretce 85g,3.99,dziczyzna,85.0
Vitakraft Poesie łosoś ze szpinakiem w galaretce 85g,3.99,łosoś,85.0
Animonda Carny Adult Kurczak z łososiem 400g,9.99,kurczak; łosoś,400.0
Animonda Carny Adult Indyk z wątróbką 400g,9.99,indyk; wątróbka,400.0
Animonda Carny Adult Indyk z jagnięciną 400g,9.99,indyk; jagnięcina,400.0
Animonda Carny Kitten Wołowina z kurczakiem i królikiem 400g,9.99,kurczak; wołowina; królik,400.0
Animonda CARNY Adult Wołowina z Indykiem i Krewetkami 400g,9.99,indyk; krewetka; wołowina,400.0
Vitakraft Poesie 85g SAUCE Wołowina z Marchewką,3.99,wołowina,85.0
Vitakraft Poesie 85g SAUCE Kurczak z Warzywami,3.99,kurczak,85.0
Vitakraft Poesie 85g SAUCE Cielęcina z Serem,3.99,cielęcina,85.0
Vitakraft Poesie 85g SAUCE Kurczak z Indykiem,3.99,kurczak; indyk,85.0
Vitakraft Poesie 85g SAUCE Dorsz z Makaronem i Pomidorami,3.99,dorsz,85.0
Vitakraft Poesie 85g SAUCE Indyk z Serem,3.99,indyk,85.0
Rafi Cat z drobiem 415g,3.99,drób,415.0
Rafi Cat z wołowiną 415g,3.99,wołowina,415.0
Rafi Cat z rybą 415g,3.99,ryba,415.0
Animonda CARNY ADULT Wołowina 400g,9.99,wołowina,400.0
Animonda CARNY ADULT Wołowina i Serca 400g,9.99,wołowina,400.0
Animonda CARNY ADULT Wołowina i Kurczak 400g,9.99,kurczak; wołowina,400.0
"Animonda CARNY ADULT Wołowina, Indyk i Królik 400g",9.99,indyk; wołowina; królik,400.0
Animonda CARNY ADULT Multi Koktajl Mięsny 400g,9.99,Mix,400.0
Animonda CARNY ADULT Wołowina i Jagnięcina 400g,9.99,jagnięcina; wołowina,400.0
Animonda CARNY ADULT Wołowina i Sarnina 400g,9.99,wołowina; sarnina,400.0
"Animonda CARNY ADULT Wołowina, Kurczak i Kaczka 400g",9.99,kurczak; kaczka; wołowina,400.0
Dolina Noteci Premium 400g Bogata w Łososia,9.99,łosoś,400.0
Dolina Noteci Premium 400g JUNIOR Bogata w Indyka,9.99,indyk,400.0
Dolina Noteci Premium 185g Bogata w Jagnięcinę,7.99,jagnięcina,185.0
Dolina Noteci Premium 185g Bogata w Cielęcinę,7.99,Mix,185.0
Dolina Noteci Premium 185g Bogata w Łososia,7.99,łosoś,185.0
Dolina Noteci Premium 185g Bogata w Kaczkę,7.99,kaczka,185.0
Dolina Noteci Premium 185g JUNIOR Bogata w Indyka,7.99,indyk,185.0
Dolina Noteci Premium 85g STERILISED Danie z Kaczki,5.99,kaczka,85.0
Dolina Noteci Premium 85g STERILISED Danie z Wołowiny,5.99,wołowina,85.0
Dolina Noteci Premium 85g JUNIOR Danie z Dorsza z Sardynką,5.99,dorsz; sardynki,85.0
Dolina Noteci Premium 85g Danie z Królika,5.99,królik,85.0
Dolina Noteci Premium 85g Danie z Tuńczyka,5.99,tuńczyk,85.0
Dolina Noteci Premium 400g Bogata w Cielęcinę,9.99,Mix,400.0
Dolina Noteci Premium 400g Bogata w Jagnięcinę,9.99,jagnięcina,400.0
Dolina Noteci Premium 400g Bogata w Kaczkę,9.99,kaczka,400.0
Wellness Core Signature Selects Flaked Tuna karma mokra dla dorosłych kotów tuńczyk i łosoś 79g puszka,7.99,łosoś; tuńczyk,79.0
Schesir Baby Filety Kurczak Z Łososiem 70g,8.99,kurczak; łosoś,70.0
Schesir Silver Duo Filety Mus Kurczak Z Kaczką 70g,8.99,kurczak; kaczka,70.0
Schesir Silver Filety Tuńczyk I Makrela 70g,8.99,tuńczyk,70.0
Schesir Silver Mus Łosoś I Kurczak 80g,8.99,kurczak; łosoś,80.0
Schesir Special Light Mus Z Kurczakiem 70g,8.99,kurczak,70.0
Schesir Special Skin&Coat Mus Z Łososiem I Kurczakiem 70g,8.99,kurczak; łosoś,70.0
Schesir Baby Mus Kurczak Z Wątróbką Drobiową 70g,8.99,kurczak; wątróbka; drób,70.0
Schesir After Dark Pasztet Kurczak Z Wołowiną 80g,8.99,kurczak; wołowina,80.0
Schesir After Dark Pasztet Kurczak Z Kaczką 80g,8.99,kurczak; kaczka,80.0
Schesir Functions Dodatek Trawienny Z Dynią I Zieloną Pszenicą 40g,7.99,Mix,40.0
Schesir After Dark Filety Kurczak Z Szynką 80g,8.99,kurczak,80.0
Schesir After Dark Mus Kurczak Z Jajkiem Przepiórczym 80g,8.99,kurczak,80.0
Schesir After Dark Mus Kurczak Z Wołowiną 80g,8.99,kurczak; wołowina,80.0
Schesir After Dark Mus Kurczak Z Kaczką 80g,8.99,kurczak; kaczka,80.0
Schesir After Dark Pasztet Kurczak Z Jajkiem Przepiórczym 80g,8.99,kurczak,80.0
Schesir After Dark Filety Kurczak Z Wołowiną 80g,8.99,kurczak; wołowina,80.0
Schesir After Dark Filety Kurczak Z Kaczką 80g,8.99,kurczak; kaczka,80.0
Purina Pro Plan Sterilised Renal z królikiem 10kg,365.99,królik,
Purina Cat Chow Kitten indyk z cukinią 4x85g,12.99,indyk,340.0
Purina Cat Chow Sterilised z jagnięciną i fasolką 4x85g,12.99,jagnięcina,340.0
Purina Cat Chow Sterilised z kurczakiem i bakłażanem 4x85g,12.99,kurczak,340.0
Purina Cat Chow Sensitive z łososiem i cukinią 4x85g,12.99,łosoś,340.0
Purina Cat Chow Hairball z kurczakiem i fasolką 4x85g,12.99,kurczak,340.0
Purina Pro Plan Sterilised pasztet z łososiem i tuńczykiem 85g,5.99,łosoś; tuńczyk,85.0
Purina Pro Plan Adult pasztet z kurczakiem 85g,5.99,kurczak,85.0
Purina Pro Plan Kitten mus z kurczakiem 85g,5.99,kurczak,85.0
2 X HAPPYCAT KITTEN & JUNIOR Z KACZKĄ 85G,5.0,kaczka,85.0
2 X HAPPYCAT CULINARY ADULT PSTRĄG W SOSIE 85G,5.0,pstrąg,85.0
2 X HAPPYCAT CULINARY ADULT JAGNIĘCINA W SOSIE 85G,5.0,jagnięcina,85.0
Purina ProPlan Delicate Digestion z indykiem w sosie 10x85g,64.66,indyk,850.0
Purina ProPlan Delicate Digestion z indykiem i rybami oceanicznymi w sosie 10x85g,64.66,ryba; indyk,850.0
Purina ProPlan Sterilised z wołowiną i kurczakiem w sosie 10x85g,64.66,kurczak; wołowina,850.0
Felix Soup Original Adult wiejskie smaki 6x48g,14.99,Mix,288.0
Animonda Carny Kitten koktajl drobiowy 200g,5.99,drób,200.0
Bozita z krewetkami 400g,8.99,krewetka,400.0
Bozita z łososiem 400g,8.99,łosoś,400.0
Bozita z wołowiną 400g,8.99,wołowina,400.0
Gourmet Mon Petit rybne fileciki w sosie 6x50g,15.99,ryba,300.0
Stuzzy monoprotein z cielęciną 85g,6.99,Mix,85.0
Stuzzy monoprotein z kurczakiem 85g,6.99,kurczak,85.0
Stuzzy monoprotein z wieprzowiną 85g,6.99,Mix,85.0
Stuzzy Sterylised z indykiem 85gr,4.99,indyk,85.0
Stuzzy kurczak dla kociąt 85g,4.99,kurczak,85.0
Stuzzy z kurczakiem 85g,4.99,kurczak,85.0
Animonda Carny Cat Drink z tuńczykiem 140ml,4.99,tuńczyk,
Animonda Carny Cat Drink z kurczakiem 140ml,4.99,kurczak,
OASY Natural Adult Kurczak z ananasem 70g,5.72,kurczak,70.0
OASY Natural Adult Kurczak z kaczką 70g,4.99,kurczak; kaczka,70.0
OASY Natural Adult Tuńczyk 70g,4.99,tuńczyk,70.0
OASY Natural Adult Tuńczyk z makrelą 70g,4.99,tuńczyk,70.0
OASY Natural Adult Tuńczyk z doradą 70g,4.99,tuńczyk,70.0
OASY Natural Adult Tuńczyk z mango 70g,4.99,tuńczyk,70.0
OASY Natural Adult Tuńczyk z marchwią 70g,4.99,tuńczyk,70.0
OASY Natural Adult Tuńczyk z krewetkami 150g,9.99,tuńczyk; krewetka,150.0
OASY Natural Adult Tuńczyk 150g,9.99,tuńczyk,150.0
OASY Natural Adult Kurczak z kaczką 150g,9.99,kurczak; kaczka,150.0
OASY Natural Adult Kurczak z ananasem 150g,9.7,kurczak,150.0
OASY Natural Adult Kurczak z krewetkami 150g,9.99,kurczak; krewetka,150.0
OASY Natural Adult Kurczak z szynką 150g,9.99,kurczak,150.0
OASY Natural Adult Kurczak 150g,9.99,kurczak,150.0
OASY Lifestage Sterilized Łosoś 85g,4.99,łosoś,85.0
OASY Lifestage Sterilized Indyk 85g,4.99,indyk,85.0
OASY Lifestage Adult Tuńczyk 85g,4.99,tuńczyk,85.0
OASY Lifestage Adult Wieprzowina 85g,4.99,Mix,85.0
OASY Lifestage Adult Jagnięcina 85g,4.99,jagnięcina,85.0
OASY Lifestage Adult Kurczak 85g,4.99,kurczak,85.0
Oasy Natural Łosoś 70g,5.99,łosoś,70.0
Oasy Natural Tuńczyk z łososiem 70g,5.99,łosoś; tuńczyk,70.0
Oasy Natural Tuńczyk z małżami 70g,5.99,tuńczyk,70.0
Oasy Natural Tuńczyk z krewetkami 70g,5.99,tuńczyk; krewetka,70.0
Oasy Natural Tuńczyk 70g,5.99,tuńczyk,70.0
Oasy Natural Kurczak z wołowiną 70g,5.99,kurczak; wołowina,70.0
Oasy Natural Kurczak z szynką 70g,5.99,kurczak,70.0
Oasy Natural Kurczak 70g,5.99,kurczak,70.0
Oasy More Love Tuńczyk z anchois 70g,7.99,tuńczyk,70.0
Oasy More Love Kurczak z białą rybą 70g,7.99,kurczak; ryba,70.0
Oasy More Love Kurczak z łososiem 70g,6.89,kurczak; łosoś,70.0
Oasy More Love Tuńczyk z krewetkami 70g,7.99,tuńczyk; krewetka,70.0
Oasy More Love Tuńczyk z kalmarami 70g,7.99,tuńczyk,70.0
Oasy Kurczak z łososiem 70g,4.99,kurczak; łosoś,70.0
Oasy More Love Kurczak z indykiem 70g,7.99,kurczak; indyk,70.0
Oasy More Love Kurczak z szynką 70g,7.99,kurczak,70.0
Oasy Kurczak 70g,4.99,kurczak,70.0
Oasy More Love Kurczak z wątróbką 70g,7.99,kurczak; wątróbka,70.0
OASY Lifestage Adult Salmon 85g,4.99,łosoś,85.0
OASY Lifestage Sterilized Chicken 85g,4.99,kurczak,85.0
OASY Lifestage Kitten Chicken 85g,4.99,kurczak,85.0
OASY Lifestage Hairball Chicken 85g,4.99,kurczak,85.0
Animonda Carny Single Protein indyk 400g,12.99,indyk,400.0
Animonda Carny Single Protein kurczak 400g,11.99,kurczak,400.0
Bozita Indoor Sterilised Kawałki w galaretce z indykiem 85G,8.99,indyk,85.0
Bozita Indoor&Sterilised kawałki w sosie z kurczakiem i indykiem 85g,7.98,kurczak; indyk,85.0
Bozita Indoor&Sterilised kawałki w sosie z reniferem 85g,7.98,renifer,85.0
Bozita Indoor&Sterilised kawałki w galarecie z wołowiną 85g,8.99,wołowina,85.0
Bozita Indoor&Sterilised Box w galaretce 12x85g,84.82,Mix,1020.0
BRIT PREMIUM POUCHES STERILE PLATE 12x100g,41.99,Mix,1200.0
Brit Premium Sterilised łosoś w sosie 100g,3.99,łosoś,100.0
Farmina N&D Quinoa Cat Weight Management jagnięcina 70g,8.99,jagnięcina,70.0
Farmina N&D Quinoa Cat Urinary kaczka 70g,8.99,kaczka,70.0
Farmina N&D Quinoa Cat Skin & Coat Przepiórka z Kokosem 70g,8.99,Mix,70.0
Farmina N&D Quinoa Cat Skin & Coat śledź z kokosem 70g,8.99,Mix,70.0
Farmina N&D Quinoa Cat Skin & Coat kaczka z kokosem 70g,8.99,kaczka,70.0
Farmina N&D Cat przepiórka z dynią 70g,8.99,Mix,70.0
"Farmina N&D Ocean Kitten tuńczyk, dorsz, krewetki i dynia 70g",8.99,tuńczyk; krewetka; dorsz,70.0
Farmina N&D Ocean Cat tuńczyk i krewetki 70g,8.99,tuńczyk; krewetka,70.0
Farmina N&D Cat jagnięcina i borówka 70g,8.99,jagnięcina,70.0
Farmina N&D Cat kaczka z dynią 70g,8.99,kaczka,70.0
"Farmina Ocean Cat tuńczyk, dorsz i krewetki 70g",8.99,tuńczyk; krewetka; dorsz,70.0
Purina ProPlan Junior z indykiem 4x85g,17.99,indyk,340.0
Purina ProPlan Sterilised z kurczakiem 4x85g,17.99,kurczak,340.0
Purina ProPlan Delicate 4x85g z indykiem,17.99,indyk,340.0
Purina ProPlan Delicate z rybą 4x85g,17.99,ryba,340.0
Purina ProPlan Sterilised z wołowiną 4x85g,17.99,wołowina,340.0
FIN MIAMOR Ragout z królikiem w galaretce 100g,3.99,królik,100.0
Dolina Noteci filet z łososia 185g,13.99,łosoś,185.0
Dolina Noteci filet z indyka 185g,13.99,indyk,185.0
Dolina Noteci filet z tuńczyka 185g,13.99,tuńczyk,185.0
Dolina Noteci filet z piersi kurczaka 185g,13.99,kurczak,185.0
Bozita Feline Kitten 370g Kurczak w Sosie,6.99,kurczak,370.0
Vitakraft Poesie Deli Gelee Kurczak 85g,3.99,kurczak,85.0
Vitakraft Poesie Deli Gelee Indyk 85g,3.99,indyk,85.0
Wiejska zagroda kurczak z kaczką dla kota 200g,7.99,kurczak; kaczka,200.0
OASY More Love Tuńczyk z Łososiem 70G,7.99,łosoś; tuńczyk,70.0
OASY More Love Tuńczyk z Krabem 70G,7.99,tuńczyk; krab,70.0
OASY More Love Tuńczyk 70G,7.99,tuńczyk,70.0
OASY More Love Sardynki 70G,7.99,sardynki,70.0
OASY More Love Pierś z Kurczaka 70G,7.99,kurczak,70.0
OASY More Love Tuńczyk z Białą Rybą 70G,7.99,ryba; tuńczyk,70.0
OASY More Love Kitten Kurczak z Jajkiem 70G,7.99,kurczak,70.0
OASY More Love Tuńczyk z Małżami 70G,7.99,tuńczyk,70.0
OASY More Love Pierś z Kurczaka 70G,7.99,kurczak,70.0
Wiejska zagroda kurczak z kaczką dla kota 85g,6.99,kurczak; kaczka,85.0
Wiejska zagroda indyk z łososiem dla kota 400g,12.91,łosoś; indyk,400.0
Wiejska zagroda jagnięcina z krylem dla kota 400g,13.99,jagnięcina,400.0
Wiejska zagroda jagnięcina z krylem dla kota 200g,8.99,jagnięcina,200.0
Wiejska zagroda jagnięcina z krylem dla kota 85g,6.99,jagnięcina,85.0
Bozita multipack 12x85g z rybą i mięsem,81.85,ryba,1020.0
Almo Nature Multipack 6x70g Urinary Support,28.47,Mix,420.0
Almo Nature Multipack 6x70g Digestive,28.47,Mix,420.0
Almo Nature Multipack 6x70g Anti-Hairball,28.47,Mix,420.0
Almo Nature Multipack 6x70g Sterilised,28.47,Mix,420.0
Almo Nature Functional Urinary z kurczakiem 70g,5.99,kurczak,70.0
Almo Nature Functional Intestinal z drobiem 70g,4.78,drób,70.0
Animonda Vom Feinsten Adult z wołowiną i ziemniakami 100g,3.99,wołowina,100.0
Animonda Vom Feinsten Classic z wątróbką kurczaka 100g,3.99,kurczak; wątróbka,100.0
FITMIN Cat Sterilized z łososiem 85g,4.15,łosoś,85.0
Almo Nature Daily z cielęciną 100g,3.15,Mix,100.0
Almo Nature Daily z królikiem 100g,3.15,królik,100.0
Almo Nature Daily z kaczką 100g,3.15,kaczka,100.0
Almo Nature Daily z indykiem 100g,3.15,indyk,100.0
Almo Nature Daily z łososiem 100g,3.15,łosoś,100.0
Almo Nature Daily z kurczakiem 100g,3.15,kurczak,100.0
Almo Nature Daily z wołowiną 100g,3.15,wołowina,100.0
Almo Nature Daily z cielęciną i jagnięciną 70g,3.56,jagnięcina,70.0
Almo Nature Daily z kaczką i kurczakiem 70g,3.56,kurczak; kaczka,70.0
Almo Nature Daily z dorszem i krewetkami 70g,3.56,krewetka; dorsz,70.0
Almo Nature Daily z tuńczykiem i łososiem 70g,3.56,łosoś; tuńczyk,70.0
Almo Nature Daily z kurczakiem i wołowiną 70g,3.56,kurczak; wołowina,70.0
Almo Nature Daily z kurczakiem i łososiem saszetka 70g,3.56,kurczak; łosoś,70.0
FITMIN Cat Kitten z kurczakiem 85g,4.15,kurczak,85.0
FITMIN Cat Adult z kurczakiem 85g,4.15,kurczak,85.0
FITMIN Cat Adult z kaczką 85g,4.15,kaczka,85.0
FITMIN Cat Adult z wołowiną 85g,4.15,wołowina,85.0
Purina Gourmet Perle Duet Rybny 4x85g,13.49,ryba,340.0
Gourmet Perle Duo Duet 4x85g,13.49,Mix,340.0
Purina Gourmet Perle Sos Kurczak Wołowina 4x85g,13.49,kurczak; wołowina,340.0
Gourmet Perle Mini Fileciki Sos z Warzywami 4x85G,13.49,Mix,340.0
SCHESIR tuńczyk z dynią w bulionie 70g,7.99,tuńczyk,70.0
SCHESIR tuńczyk z sardynką w bulionie 70g,7.99,tuńczyk; sardynki,70.0
SCHESIR tuńczyk z kurczakiem i krewetkami w galaretce 50g,6.99,kurczak; tuńczyk; krewetka,50.0
SCHESIR tuńczyk z łososiem w galaretce 50g,6.99,łosoś; tuńczyk,50.0
SCHESIR kurczak z szynką w galaretce 50g,6.99,kurczak,50.0
SCHESIR tuńczyk z filetami wołowymi w galaretce 85g,7.99,tuńczyk,85.0
SCHESIR tuńczyk z szynką w galaretce 85g,7.99,tuńczyk,85.0
SCHESIR tuńczyk z krewetkami w galaretce 85g,7.99,tuńczyk; krewetka,85.0
SCHESIR filety z tuńczyka w galaretce 85g,7.99,tuńczyk,85.0
Vitakraft Poesie kurczak w musie 85g,4.99,kurczak,85.0
Dolina Noteci Superfood cielęcina z homarem i krewetkami 85g,7.99,krewetka; cielęcina,85.0
Dolina Noteci Superfood jagnięcina i cielęcina 85g,7.99,jagnięcina; cielęcina,85.0
Dolina Noteci Superfood sarna i wołowina 85g,7.99,wołowina,85.0
Dolina Noteci Superfood kurczak i wołowina z doradą 85g,7.99,kurczak; wołowina,85.0
Dolina Noteci Superfood kaczka i wołowina 85g,7.99,kaczka; wołowina,85.0
Dolina Noteci Superfood pstrąg i tuńczyk 85g,7.99,tuńczyk; pstrąg,85.0
FIN MIAMOR Ragout z Wołowiną dla Kociąt 100g,3.99,wołowina,100.0
FIN MIAMOR Ragout z drobiem dla kociąt 100g,3.99,drób,100.0
FIN MIAMOR Kaczka z Drobiem 100g,4.99,kaczka; drób,100.0
FIN MIAMOR Indyk i Dziczyzna 100g,4.99,indyk; dziczyzna,100.0
Brit Care Kitten Savory Salmon filety z kurczaka w galaretce 85g,5.99,kurczak; łosoś,85.0
Brit Care Cat z łososiem 85g,5.99,łosoś,85.0
Brit Care Cat z kaczką 85g,5.99,kaczka,85.0
Brit Care Cat z kurczakiem 85g,5.99,kurczak,85.0
Brit Care Kitten Tender Turkey filety z kurczaka w sosie 85g,5.99,kurczak; indyk,85.0
Brit Care Cat z łososiem i indykiem 85g,5.99,łosoś; indyk,85.0
MIAMOR Filet kurczak i pomidory w galaretce 100g,8.99,kurczak,100.0
MIAMOR Filet tuńczyk z warzywami w galaretce 100g,8.99,tuńczyk,100.0
MIAMOR Filet tuńczyk z krabem w galaretce 100g,8.99,tuńczyk; krab,100.0
MIAMOR Filet tuńczyk z kalmarami w galaretce 100g,8.99,tuńczyk,100.0
MIAMOR Filet kurczak z tuńczykiem w galaretce 100g,8.99,kurczak; tuńczyk,100.0
Royal Canin Babycat Instinctive mus 195g,18.99,Mix,195.0
Royal Canin Ageing +12 w sosie 85g,8.99,Mix,85.0
Carnilove Kitten z królikiem i nagietkiem 85g,7.99,królik,85.0
Carnilove Cat z pstrągiem i Echinacea 85g,7.99,pstrąg,85.0
Carnilove Cat z dziczyzną i rumiankiem 85g,7.99,dziczyzna,85.0
"Carnilove Cat z bażantem, 85g",7.99,Mix,85.0
Carnilove Cat z kaczką i kocimiętką 85g,7.99,kaczka,85.0
Carnilove Cat Sterilized z przepiórką i mniszkiem 85g,7.99,Mix,85.0
Bozita Multipack z mięsem i rybą 12x85g,87.99,ryba,1020.0
Bozita Multipack z mięsem 12x85g,87.99,Mix,1020.0
Miamor Vitaldrink z kaczką 135ml,7.99,kaczka,
Miamor Vitaldrink z tuńczykiem 135ml,7.99,tuńczyk,
Royal Canin FHN Kitten 85g pasztet,8.99,Mix,85.0
Royal Canin FHN Urinary Care 85g w sosie,9.99,Mix,85.0
Bozita Kawałki w sosie z królikiem 370g,6.99,królik,370.0
Bozita Feline Renifer w sosie 370g,6.99,renifer,370.0
Bozita Feline Kaczka w Galarecie 370g,6.99,kaczka,370.0
Vitakraft Poesie wołowina w musie 85g,4.99,wołowina,85.0
Vitakraft Poesie kaczka w musie 85g,4.99,kaczka,85.0
Vitakraft poesie łosoś w musie 85g,4.99,łosoś,85.0
Vitakraft Poesie Multipack w galaretce 6x85g,21.99,Mix,510.0
Vitakraft Poésie Multipack szalki w sosie 6x 85g,21.99,Mix,510.0
Animonda Carny 200g Adult Kurczak- Łosoś,9.22,kurczak; łosoś,200.0
Animonda Carny 200g Indyk - Wątróbka,5.99,indyk; wątróbka,200.0
Animonda Carny Adult 200g indyk- jagnięcina,5.99,indyk; jagnięcina,200.0
Brit Premium Cat Adult Meat Plate 4x100g,12.99,Mix,400.0
Animonda VOM FEINSTEN Adult Łosoś i Krewetki 100g,3.99,łosoś; krewetka,100.0
Vitakraft Poesie 85G DELI SAUCE Serca,3.99,Mix,85.0
Vitakraft Poesie 85g DELI SAUCE JUNIOR Indyk,3.99,indyk,85.0
Vitakraft Poesie 85g DELI SAUCE JUNIOR Kurczak,3.99,kurczak,85.0
Rafi Cat Adult z kaczką 400g,7.99,kaczka,400.0
Rafi Cat Adult z indykiem 400g,7.99,indyk,400.0
Vitakraft Poesie 85g DELI SAUCE Czarniak,3.99,Mix,85.0
Vitakraft Poesie 85g DELI SAUCE Kurczak,3.99,kurczak,85.0
Vitakraft Poesie 85g DELI SAUCE Indyk,3.99,indyk,85.0
Vitakraft Poesie 85g DELI SAUCE Dorsz,3.99,dorsz,85.0
Vitakraft Poesie 85g DELI SAUCE Wołowina,3.99,wołowina,85.0
Bozita Feline Krewetki w Sosie 370g,6.99,krewetka,370.0
Bozita Feline Łosoś w Sosie 370g,6.99,łosoś,370.0
Bozita Feline Wołowina w Sosie 370g,6.99,wołowina,370.0
Rafi Cat Adult Sterilised z tuńczykiem 400g,7.99,tuńczyk,400.0
Bozita Feline Kurczak i Indyk w Sosie 370g,6.99,kurczak; indyk,370.0
Bozita Feline Jagnięcina w Galaretce 370g,6.99,jagnięcina,370.0
Bozita Feline Królik w Galaretce 370g,6.99,królik,370.0
Bozita Feline Makrela w Galaretce 370g,6.99,Mix,370.0
Bozita Feline Raki w Galaretce 370g,6.99,Mix,370.0
Bozita Feline Indyk w Galaretce 370g,6.99,indyk,370.0
Bozita Feline Wątróbka Drobiowa w Galaretce 370g,6.99,wątróbka; drób,370.0
Bozita Feline Wołowina w Galaretce 370g,6.99,wołowina,370.0
Bozita Feline Dorsz w Galaretce 370g,6.99,dorsz,370.0
Animonda VOM FEINSTEN 100g KITTEN Jagnięcina,3.99,jagnięcina,100.0
Animonda VOM FEINSTEN 100g Drób i Cielęcina,3.99,drób; cielęcina,100.0
Animonda VOM FEINSTEN 100g Indyk i Królik,3.99,indyk; królik,100.0
Animonda VOM FEINSTEN 100g Koktajl Mięsny,3.99,Mix,100.0
Animonda CARNY Adult wołowina z sercami 200g,5.99,wołowina,200.0
Animonda CARNY Adult wołowina z kurczakiem 200g,5.99,kurczak; wołowina,200.0
"Animonda CARNY Kitten Wołowina, Indyk i Królik 200g",5.99,indyk; wołowina; królik,200.0
Animonda CARNY Kitten cielęcina z indykiem 200g,5.99,indyk; cielęcina,200.0
Animonda CARNY Kitten wołowina i serca indycze 200g,5.99,indyk; wołowina,200.0
Animonda CARNY Kitten z wołowiną i drobiem 200g,5.99,wołowina; drób,200.0
Animonda VOM FEINSTEN 100g KITTEN Wołowina,3.99,wołowina,100.0
Animonda VOM FEINSTEN BABY Pate - Pasta Mięsna 100g,3.99,Mix,100.0
Animonda CARNY Adult z wołowiną 200g,5.99,wołowina,200.0
Animonda CARNY Adult wołowina z jagnięciną 200g,5.99,jagnięcina; wołowina,200.0
Animonda CARNY Adult wołowina z królikiem 200g,5.99,wołowina; królik,200.0
Animonda CARNY Adult wołowina z krewetkami 200g,5.99,krewetka; wołowina,200.0
Animonda CARNY Adult wołowina z sercami 200g,5.99,wołowina,200.0
Pro PlanN Delicate z rybą oceaniczną 85g,5.99,ryba,85.0
Purina Pro Plan STERILISED z wołowiną 85g,5.99,wołowina,85.0
Purina Pro Plan STERILISED z kurczakiem 85g,5.99,kurczak,85.0
Purina Pro Plan JUNIOR z indykiem 85g,5.99,indyk,85.0
Purina Cat Chow SENSITIVE z łososiem i cukinią 85g,3.99,łosoś,85.0
Purina Cat Chow STERILISED z kurczakiem i bakłażanem 85g,3.99,kurczak,85.0
Purina Cat Chow STERILISED z jagnięciną i fasolką 85g,3.99,jagnięcina,85.0
Purina Cat Chow HAIRBALL z kurczakiem i fasolką 85g,3.99,kurczak,85.0
Purina Pro Plan DELICATE z indykiem 85g,5.99,indyk,85.0
Purina Cat Chow Adult Łosoś i Zielona Fasolka 85g,3.99,łosoś,85.0
Purina Cat Chow Adult Wołowina i Bakłażan 85g,4.02,wołowina,85.0
Purina Cat Chow ADULT kurczak z cukinią 85g,3.99,kurczak,85.0
Brit Premium filety z indyka w sosie 85g,3.99,indyk,85.0
Brit Premium filety tuńczyka w sosie 85g,3.99,tuńczyk,85.0
Brit Premium Kitten filety kurczaka w sosie 85g,3.99,kurczak,85.0
Brit Premium Sterilised Filet z łososia w sosie 85g,3.99,łosoś,85.0
Brit Premium Family Plate 12x100g,36.99,Mix,1200.0
Brit Premium pstrąg w galaretce 85g,3.99,pstrąg,85.0
Brit Premium filety wołowe w sosie 85g,3.99,Mix,85.0
Royal Canin Kitten 85g w galarecie,8.99,Mix,85.0
Brit Premium Adult wołowina z groszkiem w sosie 100g,3.99,wołowina,100.0
Brit Premium Adult kurczak z indykiem w sosie 100g,3.99,kurczak; indyk,100.0
Brit Premium Adult dorsz w sosie 100g,3.99,dorsz,100.0
Brit Premium Adult łosoś z pstrągiem w sosie 100g,3.99,łosoś; pstrąg,100.0
Brit Premium Adult Fish Plate 4x100g,12.99,ryba,400.0
Brit Premium Kitten kurczak w sosie 100g,3.99,kurczak,100.0
Brit Premium Sterilised kurczak w sosie 100g,3.99,kurczak,100.0
Brit Premium wołowina w galaretce 85g,3.99,wołowina,85.0
Brit Premium Adult kurczak w galaretce 85g,2.99,kurczak,85.0
Royal Canin Sterilised 85 g w galarecie,7.99,Mix,85.0
Royal Canin Kitten 85g w sosie,8.99,Mix,85.0
Wellness Core Purely Pate karma mokra dla dorosłych kotów kurczak i indyk 85g saszetka 8szt/DISPLAY,69.99,kurczak; indyk,85.0
Wellness Core Purely Pate karma mokra dla dorosłych kotów kurczak i wołowina 85g saszetka 8szt/DISPLAY,69.99,kurczak; wołowina,85.0
Wellness Core Tender Cuts karma mokra dla dorosłych kotów z indykiem i kaczką w sosie 85g saszetka,7.49,indyk; kaczka,85.0
Wellness Core Tender Cuts karma mokra dla dorosłych kotów z kurczakiem i indykiem w sosie 85g saszetka,7.49,kurczak; indyk,85.0
Wellness Core Tender Cuts karma mokra dla dorosłych kotów kurczak i łosoś w sosie 85g saszetka,7.49,kurczak; łosoś,85.0
Wellness Core Tender Cuts karma mokra dla dorosłych kotów kurczak i wątróbka w sosie 85g saszetka,7.49,kurczak; wątróbka,85.0
Wellness Core Tender Cuts karma mokra dla dorosłych kotów z tuńczykiem w sosie 85g saszetka,7.49,tuńczyk,85.0
Wellness Core Tender Cuts karma mokra dla dorosłych kotów z łososiem i tuńczykiem w sosie 85g saszetka,7.49,łosoś; tuńczyk,85.0
Wellness Core Signature Selects Flaked Tuna karma mokra dla dorosłych kotów tuńczyk i krewetki 79g puszka,7.99,tuńczyk; krewetka,79.0
Wellness Core Signature Selects Shredded Chicken karma mokra dla dorosłych kotów kurczak z indykiem w sosie 79g puszka,7.99,kurczak; indyk,79.0
Wellness Core Signature Selects Shredded Chicken karma mokra dla dorosłych kotów kurczak z wątróbką w sosie 79g puszka,7.99,kurczak; wątróbka,79.0
Wellness Core Signature Selects Chunky Entree karma mokra dla dorosłych kotów mięsne kawałki z wołowiną i kurczakiem 79g puszka,7.99,kurczak; wołowina,79.0
Wellness Core Signature Selects Chunky Chicken karma mokra dla dorosłych kotów mięsne kawałki z kurczakiem i indykiem 79g puszka,7.99,kurczak; indyk,79.0
Wellness Core 98% Duo Protein karma mokra dla dorosłych kotów kurczak i dzik 85g szalka,8.49,kurczak,85.0
Wellness Core 98% Single Protein karma mokra dla dorosłych kotów indyk 85g szalka,8.49,indyk,85.0
Wellness Core 98% Duo Protein karma mokra dla dorosłych kotów kurczak i łosoś 85g szalka,8.49,kurczak; łosoś,85.0
Wellness Core Tender Cuts Chicken Selection Multipack zestaw saszetek dla kotów dorosłych kurczak 3x2 smaki 6x85g/510g,39.99,kurczak,510.0
Wellness Core Tender Cuts Turkey Selection Multipack zestaw saszetek dla kotów dorosłych indyk 3x2 smaki 6x85g/510g,39.99,indyk,510.0
Wellness Core Tender Cuts Tuna Selection Multipack zestaw saszetek dla kotów dorosłych tuńczyk 3x2 smaki 6x85g/510g,39.99,tuńczyk,510.0
Wellness Core Signature Selects Shredded Multipack zestaw puszek dla kotów dorosłych 4x2 smaki 8x79g/635g,59.99,Mix,632.0
Wellness Core Signature Selects Chunky Multipack zestaw puszek dla kotów dorosłych 4x2 smaki 8x79g/635g,59.99,Mix,632.0
Wellness Core Signature Selects Flaked Multipack zestaw puszek dla kotów dorosłych 4x2 smaki 8x79g/635g,59.99,Mix,632.0
Schesir Baby Duo Filety Mus Kurczak Z Łososiem I Wątróbką Drobiową 3x55g,24.99,kurczak; łosoś; wątróbka; drób,165.0
HappyCat Culinary Adult drób w sosie 85g,4.99,drób,85.0
"Inaba Cat Dashi Delights kurczak, tuńczyk i przegrzebki 70g",9.99,kurczak; tuńczyk,70.0
Naturo Grain Free Paté Łosoś 85g,4.99,łosoś,85.0
SCHESIR filety z kurczaka z morszczukiem w galaretce 85g,8.78,kurczak,85.0
Wellness Core 98% Single Protein karma mokra dla dorosłych kotów wołowina 85g szalka,8.49,wołowina,85.0
Naturo Cat Variety grain free 12x85g,46.96,Mix,1020.0
Purina Pro Plan Adult Delicate mus z indykiem 85g,5.99,indyk,85.0
Felix Soup Original Adult Rybne smaki 6x48g,14.99,ryba,288.0
Bozita z kurczakiem 400g,8.99,kurczak,400.0
Acana Premium Pate z łososiem i kurczakiem dla kota 8x85g,77.63,kurczak; łosoś,680.0
Acana Premium Pate z jagnięciną dla kota 8x85g,77.63,jagnięcina,680.0
Acana Premium Pate z wołowiną dla kota 8x85g,77.63,wołowina,680.0
Acana Premium Pate z kurczakiem dla kota 8x85g,77.63,kurczak,680.0
Acana Premium Pate z kurczakiem i rybą dla kociąt 8x85g,77.63,kurczak; ryba,680.0
Gourmet Mon Petit drobiowe fileciki w sosie 6x50g,15.99,drób,300.0
Gourmet Mon Petit mięsne fileciki w sosie 6x50g,15.99,Mix,300.0
Stuzzy monoprotein z kurczakiem dla kociąt 85g,6.99,kurczak,85.0
Stuzzy monoprotein z wołowiną 85g,6.99,wołowina,85.0
Animonda Snack Pudding z wołowiną 3x85g,13.99,wołowina,255.0
Animonda Snack Pudding z kurczakiem 3x85g,13.4,kurczak,255.0
Animonda Carny Single Protein wołowina 400g,11.99,wołowina,400.0
Bozita Indoor&Sterilised Box w sosie 12x85g,84.82,Mix,1020.0
Farmina N&D Ocean Cat tuńczyk i łosoś 70g,8.99,łosoś; tuńczyk,70.0
Wiejska zagroda Junior królik z cielęciną dla kota 85g,7.99,królik,85.0
Wiejska zagroda Junior indyk z kurczakiem 85g,6.99,kurczak; indyk,85.0
Wiejska zagroda indyk z łososiem dla kota 200g,8.99,łosoś; indyk,200.0
Wiejska zagroda indyk z łososiem dla kota 85g,6.99,łosoś; indyk,85.0
Bozita Multipack 12x85g z mięsem,48.49,Mix,1020.0
Almo Nature Holitic Urinary z rybą 70g,4.9,ryba,70.0
Miamor tuńczyk przepiórka z jajkiem 100g,8.99,tuńczyk,100.0
SCHESIR tuńczyk z marchewką w bulionie 70g,7.99,tuńczyk,70.0
SCHESIR filety z kurczaka z szynką w sosie własnym 70g,7.99,kurczak,70.0
SCHESIR filety z kurczaka z szynką w bulionie 70g,7.99,kurczak,70.0
SCHESIR tuńczyk w galaretce 50g,6.99,tuńczyk,50.0
SCHESIR filety z kurczaka z okoniem w galaretce 50g,5.99,kurczak; okoń,50.0
SCHESIR tuńczyk z aloesem dla kociąt 85g,6.99,tuńczyk,85.0
SCHESIR filety z kurczaka z wołowiną i ryżem w bulionie 85g,6.99,kurczak; wołowina,85.0
SCHESIR filety z kurczaka w galaretce 85g,6.99,kurczak,85.0
SCHESIR paseczki z kurczaka w sosie 85g,7.99,kurczak,85.0
SCHESIR tuńczyk z komosą w galaretce 85g,6.99,tuńczyk,85.0
SCHESIR filety z kurczaka z okoniem w galaretce 85g,6.99,kurczak; okoń,85.0
SCHESIR filety z kurczaka w galaretce dla kociąt 85g,7.99,kurczak,85.0
SCHESIR filety z tuńczyka w galaretce dla kociąt 85g,7.99,tuńczyk,85.0
SCHESIR filety z kurczaka w galaretce 85g,7.99,kurczak,85.0
SCHESIR tuńczyk z kurczakiem w galaretce 85g,7.99,kurczak; tuńczyk,85.0
Brit Premium Family Plate w galaretce 12x85g,28.76,Mix,1020.0
BRIT Pouches Gravy Fillet Dinner Plate 4X85G,12.99,Mix,340.0
BRIT Pouches Jelly Fillet Dinner Plate 4X85G,12.99,Mix,340.0
Vitakraft Poesie Delice kurczak z wołowiną w galaretce 6x85g,15.49,kurczak; wołowina,510.0
Brit Care Sterilized Healthy Rabbit filety w kurczaka w sosie 85g,5.99,kurczak; królik,85.0
BRIT CARE CAT turkey pate & olives 70g,5.24,indyk,70.0
BRIT CARE CAT turkey pate & ham 70g,5.24,indyk,70.0
BRIT CARE CAT tuna & chicken 70g,5.24,kurczak; tuńczyk,70.0
BRIT CARE CAT kitten tuna fillets 70g,5.24,tuńczyk,70.0
Carnilove Cat z indykiem i walerianą 85g,7.99,indyk,85.0
Miamor Vitaldrink z kurczakiem 135ml,7.99,kurczak,
Vitakraft Poesie omlet z flądrą 85g,2.39,Mix,85.0
Animonda VOM FEINSTEN Kitten Drób 100g,3.99,drób,100.0
Carnilove Cat Adult kurczak z jagnięciną 100g,6.49,kurczak; jagnięcina,100.0
Carnilove Cat Adult indyk z reniferem 100g,6.49,indyk; renifer,100.0
Carnilove Cat Adult indyk z łososiem 100g,6.49,łosoś; indyk,100.0
Carnilove Cat Kittens indyk z łososiem 100g,6.49,łosoś; indyk,100.0
Bozita Feline Kurczak w Galaretce 370g,6.99,kurczak,370.0
Bozita Feline Łoś w Galaretce 370g,6.99,Mix,370.0
Purina Cat Chow Adult z jagnięciną i fasolką 85g,4.02,jagnięcina,85.0
Purina Cat Chow KITTEN indyk z cukinią 85g,3.99,indyk,85.0
Purina Cat Chow KiTTEN z jagnięciną i cukinią 85g,3.99,jagnięcina,85.0
Brit Premium filety z kurczaka w sosie 85g,2.99,kurczak,85.0
Brit Premium łosoś w galaretce 85g,2.99,łosoś,85.0
Royal Canin Kitten Sterilised 85g w sosie,8.99,Mix,85.0
Royal Canin Kitten Sterilised 85g w galarecie,8.99,Mix,85.0
Royal Canin Sterilised 85 g w sosie,7.99,Mix,85.0
